"index","checklist"
1,"S36645742"
2,"S24795857"
3,"S67329410"
4,"S88180323"
5,"S23964574"
6,"S103978374"
7,"S43461545"
8,"S62181222"
9,"S66457827"
10,"S68131082"
11,"S98436391"
12,"S28802866"
13,"S28821461"
14,"S28846028"
15,"S28870575"
16,"S23589104"
17,"S31898604"
18,"S88263297"
19,"S102783121"
20,"S107099606"
21,"S56820326"
22,"S109061078"
23,"S85420998"
24,"S69990742"
25,"S42140352"
26,"S42141236"
27,"S42141264"
28,"S44171431"
29,"S70081115"
30,"S68704093"
31,"S83548030"
32,"S105871006"
33,"S35426163"
34,"S21323497"
35,"S37266520"
36,"S25726414"
37,"S79717668"
38,"S39113717"
39,"S39114075"
40,"S41406792"
41,"S41420710"
42,"S69673977"
43,"S37461897"
44,"S104515792"
45,"S55622689"
46,"S109429409"
47,"S74732537"
48,"S33388128"
49,"S30046800"
50,"S68319956"
51,"S44416886"
52,"S82393615"
53,"S29024554"
54,"S35641985"
55,"S106310741"
56,"S70849649"
57,"S106018954"
58,"S108409388"
59,"S109601899"
60,"S110404423"
61,"S107062498"
62,"S35019489"
63,"S100531374"
64,"S66435009"
65,"S66471585"
66,"S66476659"
67,"S66601803"
68,"S66655072"
69,"S69441551"
70,"S31235823"
71,"S31235825"
72,"S31235827"
73,"S33366655"
74,"S33488850"
75,"S33635047"
76,"S33763684"
77,"S34812248"
78,"S34865968"
79,"S28768454"
80,"S29099361"
81,"S29281268"
82,"S29427886"
83,"S30150403"
84,"S30167168"
85,"S30239334"
86,"S68758475"
87,"S66689482"
88,"S74016401"
89,"S40336712"
90,"S50972758"
91,"S29761283"
92,"S44394183"
93,"S44446519"
94,"S44447654"
95,"S44477316"
96,"S44477888"
97,"S44536593"
98,"S44537184"
99,"S44537799"
100,"S44538856"
101,"S44574652"
102,"S44575810"
103,"S44576746"
104,"S44577285"
105,"S44578108"
106,"S100094240"
107,"S100094257"
108,"S100218899"
109,"S100274046"
110,"S101065353"
111,"S32015855"
112,"S32148809"
113,"S48545252"
114,"S64272155"
115,"S78174106"
116,"S34909429"
117,"S88822840"
118,"S90890733"
119,"S27387009"
120,"S27809674"
121,"S104199394"
122,"S106310129"
123,"S67678245"
124,"S29743097"
125,"S31892958"
126,"S31919222"
127,"S33411587"
128,"S63004058"
129,"S83071122"
130,"S33711187"
131,"S72197457"
132,"S8093101"
133,"S29761519"
134,"S27409833"
135,"S54659782"
136,"S95767565"
137,"S52709848"
138,"S45330403"
139,"S57385059"
140,"S69833028"
141,"S28990184"
142,"S29004224"
143,"S54691506"
144,"S68786802"
145,"S87791972"
146,"S109881150"
147,"S88023457"
148,"S64274772"
149,"S32445878"
150,"S29160499"
151,"S80683537"
152,"S110164946"
153,"S61257231"
154,"S75149296"
155,"S36885386"
156,"S68924959"
157,"S30453400"
158,"S56339162"
159,"S52352237"
160,"S86860420"
161,"S86948867"
162,"S87021385"
163,"S89952491"
164,"S62553742"
165,"S67055762"
166,"S70123260"
167,"S70191150"
168,"S70364318"
169,"S85061950"
170,"S87094779"
171,"S105368039"
172,"S105368071"
173,"S83382363"
174,"S64120824"
175,"S34134803"
176,"S26372536"
177,"S37310988"
178,"S38787292"
179,"S39919235"
180,"S39133082"
181,"S68143266"
182,"S72110636"
183,"S26162779"
184,"S26162815"
185,"S95111911"
186,"S54133348"
187,"S105459694"
188,"S12806673"
189,"S90720915"
190,"S46996941"
191,"S30991212"
192,"S71685318"
193,"S71696574"
194,"S68660489"
195,"S74153296"
196,"S28514430"
197,"S110832703"
198,"S22924758"
199,"S23021385"
200,"S76714931"
